Query_ID	Target_ID	Optimal_offset	p-value	E-value	q-value	Overlap	Query_consensus	Target_consensus	Orientation
filter1	RNCMPT00027	-1	0.00046193	0.0471169	0.0353675	6	CUCACAC	ACACACA	+
filter1	RNCMPT00178	1	0.000735483	0.0750192	0.0353675	6	CUCACAC	ACACACA	+
filter2	RNCMPT00027	1	0.000155237	0.0158342	0.00834979	6	CACACAC	ACACACA	+
filter2	RNCMPT00178	1	0.00017349	0.017696	0.00834979	6	CACACAC	ACACACA	+
filter2	RNCMPT00172	-1	0.00154302	0.157388	0.0495087	6	CACACAC	ACAAACA	+
filter4	RNCMPT00079	0	0.000241069	0.024589	0.0129824	7	UCUUUUU	UUUUUUC	+
filter4	RNCMPT00268	1	0.000291348	0.0297175	0.0129824	6	UCUUUUU	CUUUUCU	+
filter4	RNCMPT00274	0	0.000729929	0.0744528	0.0216836	7	UCUUUUU	UUUUUUU	+
filter4	RNCMPT00158	1	0.00140718	0.143532	0.0313516	6	UCUUUUU	CUUUUUU	+
filter4	RNCMPT00165	0	0.00251529	0.25656	0.0448322	7	UCUUUUU	UUUUUUC	+
filter9	RNCMPT00178	0	7.73192e-06	0.000788656	0.000453955	7	ACACACA	ACACACA	+
filter9	RNCMPT00027	0	9.85732e-06	0.00100545	0.000453955	7	ACACACA	ACACACA	+
filter9	RNCMPT00172	0	0.000212382	0.021663	0.00652051	7	ACACACA	ACAAACA	+
filter9	RNCMPT00033	0	0.000691239	0.0705064	0.0159167	7	ACACACA	ACAAACA	+
filter9	RNCMPT00091	0	0.00121636	0.124069	0.0224066	7	ACACACA	ACACAAA	+
filter10	RNCMPT00274	0	3.74796e-05	0.00382292	0.00181433	7	UUUUUUU	UUUUUUU	+
filter10	RNCMPT00086	0	4.35114e-05	0.00443817	0.00181433	7	UUUUUUU	UUUGUUU	+
filter10	RNCMPT00112	0	6.20247e-05	0.00632652	0.00181433	7	UUUUUUU	UUUGUUU	+
filter10	RNCMPT00032	0	0.000108649	0.0110822	0.0022381	7	UUUUUUU	UUAUUUU	+
filter10	RNCMPT00117	0	0.00012752	0.013007	0.0022381	7	UUUUUUU	UUUGUUU	+
filter10	RNCMPT00136	0	0.000406424	0.0414552	0.00594429	7	UUUUUUU	UUGGUUU	+
filter10	RNCMPT00158	1	0.000561587	0.0572818	0.0070403	6	UUUUUUU	CUUUUUU	+
filter10	RNCMPT00077	0	0.000645212	0.0658116	0.00707758	7	UUUUUUU	UUUUUUG	+
filter10	RNCMPT00167	1	0.000818132	0.0834495	0.00766726	6	UUUUUUU	AUUUUUU	+
filter10	RNCMPT00012	1	0.00101902	0.10394	0.00766726	6	UUUUUUU	CUUUUUU	+
filter10	RNCMPT00025	1	0.00101902	0.10394	0.00766726	6	UUUUUUU	AUUUUUU	+
filter10	RNCMPT00159	0	0.00113582	0.115854	0.00766726	7	UUUUUUU	UUUUUUG	+
filter10	RNCMPT00165	0	0.00113582	0.115854	0.00766726	7	UUUUUUU	UUUUUUC	+
filter10	RNCMPT00079	0	0.00291325	0.297151	0.0182609	7	UUUUUUU	UUUUUUC	+
filter11	RNCMPT00064	0	0.000711767	0.0726002	0.0346567	7	GGAAAAA	AGAAAAA	+
filter11	RNCMPT00155	0	0.000711767	0.0726002	0.0346567	7	GGAAAAA	AGAAAAA	+

# Tomtom (Motif Comparison Tool): Version 5.5.0 compiled on Oct 16 2022 at 00:34:08
# The format of this file is described at http://localhost:8080/meme_5.5.0/doc/tomtom-output-format.html.
# tomtom -dist pearson -thresh 0.05 -eps -oc ./motif/HNRNPL/tomtom ./motif/HNRNPL/filters_meme.txt Ray2013_rbp_RNA.meme
